Category,Page Name,URL
Adk-docs,Adk Docs,https://google.github.io/adk-docs/
Community,Community,https://google.github.io/adk-docs/community/
Contributing-guide,Contributing Guide,https://google.github.io/adk-docs/contributing-guide/
Release-notes,Release Notes,https://google.github.io/adk-docs/release-notes/
A2a,A2a,https://google.github.io/adk-docs/a2a/
A2a,Intro,https://google.github.io/adk-docs/a2a/intro/
A2a,Quickstart Consuming Go,https://google.github.io/adk-docs/a2a/quickstart-consuming-go/
A2a,Quickstart Consuming,https://google.github.io/adk-docs/a2a/quickstart-consuming/
A2a,Quickstart Exposing Go,https://google.github.io/adk-docs/a2a/quickstart-exposing-go/
A2a,Quickstart Exposing,https://google.github.io/adk-docs/a2a/quickstart-exposing/
Agents,Agents,https://google.github.io/adk-docs/agents/
Agents,Config,https://google.github.io/adk-docs/agents/config/
Agents,Custom Agents,https://google.github.io/adk-docs/agents/custom-agents/
Agents,Llm Agents,https://google.github.io/adk-docs/agents/llm-agents/
Agents,Multi Agents,https://google.github.io/adk-docs/agents/multi-agents/
Agents,Models,https://google.github.io/adk-docs/agents/models/
Agents,Anthropic,https://google.github.io/adk-docs/agents/models/anthropic/
Agents,Apigee,https://google.github.io/adk-docs/agents/models/apigee/
Agents,Google Gemini,https://google.github.io/adk-docs/agents/models/google-gemini/
Agents,Litellm,https://google.github.io/adk-docs/agents/models/litellm/
Agents,Ollama,https://google.github.io/adk-docs/agents/models/ollama/
Agents,Vertex,https://google.github.io/adk-docs/agents/models/vertex/
Agents,Vllm,https://google.github.io/adk-docs/agents/models/vllm/
Agents,Workflow Agents,https://google.github.io/adk-docs/agents/workflow-agents/
Agents,Loop Agents,https://google.github.io/adk-docs/agents/workflow-agents/loop-agents/
Agents,Parallel Agents,https://google.github.io/adk-docs/agents/workflow-agents/parallel-agents/
Agents,Sequential Agents,https://google.github.io/adk-docs/agents/workflow-agents/sequential-agents/
Api-reference,Api Reference,https://google.github.io/adk-docs/api-reference/
Api-reference,Rest,https://google.github.io/adk-docs/api-reference/rest/
Apps,Apps,https://google.github.io/adk-docs/apps/
Artifacts,Artifacts,https://google.github.io/adk-docs/artifacts/
Callbacks,Callbacks,https://google.github.io/adk-docs/callbacks/
Callbacks,Design Patterns And Best Practices,https://google.github.io/adk-docs/callbacks/design-patterns-and-best-practices/
Callbacks,Types Of Callbacks,https://google.github.io/adk-docs/callbacks/types-of-callbacks/
Context,Context,https://google.github.io/adk-docs/context/
Context,Caching,https://google.github.io/adk-docs/context/caching/
Context,Compaction,https://google.github.io/adk-docs/context/compaction/
Deploy,Deploy,https://google.github.io/adk-docs/deploy/
Deploy,Cloud Run,https://google.github.io/adk-docs/deploy/cloud-run/
Deploy,Gke,https://google.github.io/adk-docs/deploy/gke/
Deploy,Agent Engine,https://google.github.io/adk-docs/deploy/agent-engine/
Deploy,Asp,https://google.github.io/adk-docs/deploy/agent-engine/asp/
Deploy,Deploy,https://google.github.io/adk-docs/deploy/agent-engine/deploy/
Deploy,Test,https://google.github.io/adk-docs/deploy/agent-engine/test/
Evaluate,Evaluate,https://google.github.io/adk-docs/evaluate/
Evaluate,Criteria,https://google.github.io/adk-docs/evaluate/criteria/
Evaluate,User Sim,https://google.github.io/adk-docs/evaluate/user-sim/
Events,Events,https://google.github.io/adk-docs/events/
Get-started,Get Started,https://google.github.io/adk-docs/get-started/
Get-started,About,https://google.github.io/adk-docs/get-started/about/
Get-started,Go,https://google.github.io/adk-docs/get-started/go/
Get-started,Installation,https://google.github.io/adk-docs/get-started/installation/
Get-started,Java,https://google.github.io/adk-docs/get-started/java/
Get-started,Python,https://google.github.io/adk-docs/get-started/python/
Get-started,Quickstart,https://google.github.io/adk-docs/get-started/quickstart/
Get-started,Typescript,https://google.github.io/adk-docs/get-started/typescript/
Get-started,Streaming,https://google.github.io/adk-docs/get-started/streaming/
Get-started,Quickstart Streaming Java,https://google.github.io/adk-docs/get-started/streaming/quickstart-streaming-java/
Get-started,Quickstart Streaming,https://google.github.io/adk-docs/get-started/streaming/quickstart-streaming/
Grounding,Google_search_grounding,https://google.github.io/adk-docs/grounding/google_search_grounding/
Grounding,Vertex_ai_search_grounding,https://google.github.io/adk-docs/grounding/vertex_ai_search_grounding/
Mcp,Mcp,https://google.github.io/adk-docs/mcp/
Observability,Agentops,https://google.github.io/adk-docs/observability/agentops/
Observability,Arize Ax,https://google.github.io/adk-docs/observability/arize-ax/
Observability,Bigquery Agent Analytics,https://google.github.io/adk-docs/observability/bigquery-agent-analytics/
Observability,Cloud Trace,https://google.github.io/adk-docs/observability/cloud-trace/
Observability,Freeplay,https://google.github.io/adk-docs/observability/freeplay/
Observability,Logging,https://google.github.io/adk-docs/observability/logging/
Observability,Mlflow,https://google.github.io/adk-docs/observability/mlflow/
Observability,Monocle,https://google.github.io/adk-docs/observability/monocle/
Observability,Phoenix,https://google.github.io/adk-docs/observability/phoenix/
Observability,Weave,https://google.github.io/adk-docs/observability/weave/
Plugins,Plugins,https://google.github.io/adk-docs/plugins/
Plugins,Reflect And Retry,https://google.github.io/adk-docs/plugins/reflect-and-retry/
Runtime,Runtime,https://google.github.io/adk-docs/runtime/
Runtime,Api Server,https://google.github.io/adk-docs/runtime/api-server/
Runtime,Command Line,https://google.github.io/adk-docs/runtime/command-line/
Runtime,Event Loop,https://google.github.io/adk-docs/runtime/event-loop/
Runtime,Resume,https://google.github.io/adk-docs/runtime/resume/
Runtime,Runconfig,https://google.github.io/adk-docs/runtime/runconfig/
Runtime,Web Interface,https://google.github.io/adk-docs/runtime/web-interface/
Safety,Safety,https://google.github.io/adk-docs/safety/
Sessions,Sessions,https://google.github.io/adk-docs/sessions/
Sessions,Memory,https://google.github.io/adk-docs/sessions/memory/
Sessions,State,https://google.github.io/adk-docs/sessions/state/
Sessions,Session,https://google.github.io/adk-docs/sessions/session/
Sessions,Migrate,https://google.github.io/adk-docs/sessions/session/migrate/
Sessions,Rewind,https://google.github.io/adk-docs/sessions/session/rewind/
Streaming,Streaming,https://google.github.io/adk-docs/streaming/
Streaming,Configuration,https://google.github.io/adk-docs/streaming/configuration/
Streaming,Streaming Tools,https://google.github.io/adk-docs/streaming/streaming-tools/
Streaming,Part1,https://google.github.io/adk-docs/streaming/dev-guide/part1/
Streaming,Part2,https://google.github.io/adk-docs/streaming/dev-guide/part2/
Streaming,Part3,https://google.github.io/adk-docs/streaming/dev-guide/part3/
Streaming,Part4,https://google.github.io/adk-docs/streaming/dev-guide/part4/
Streaming,Part5,https://google.github.io/adk-docs/streaming/dev-guide/part5/
Tools,Tools,https://google.github.io/adk-docs/tools/
Tools,Limitations,https://google.github.io/adk-docs/tools/limitations/
Tools,Gemini Api,https://google.github.io/adk-docs/tools/gemini-api/
Tools,Code Execution,https://google.github.io/adk-docs/tools/gemini-api/code-execution/
Tools,Computer Use,https://google.github.io/adk-docs/tools/gemini-api/computer-use/
Tools,Google Search,https://google.github.io/adk-docs/tools/gemini-api/google-search/
Tools,Google Cloud,https://google.github.io/adk-docs/tools/google-cloud/
Tools,Api Registry,https://google.github.io/adk-docs/tools/google-cloud/api-registry/
Tools,Apigee Api Hub,https://google.github.io/adk-docs/tools/google-cloud/apigee-api-hub/
Tools,Application Integration,https://google.github.io/adk-docs/tools/google-cloud/application-integration/
Tools,Bigquery,https://google.github.io/adk-docs/tools/google-cloud/bigquery/
Tools,Bigtable,https://google.github.io/adk-docs/tools/google-cloud/bigtable/
Tools,Code Exec Agent Engine,https://google.github.io/adk-docs/tools/google-cloud/code-exec-agent-engine/
Tools,Data Agent,https://google.github.io/adk-docs/tools/google-cloud/data-agent/
Tools,Express Mode,https://google.github.io/adk-docs/tools/google-cloud/express-mode/
Tools,Gke Code Executor,https://google.github.io/adk-docs/tools/google-cloud/gke-code-executor/
Tools,Mcp Toolbox For Databases,https://google.github.io/adk-docs/tools/google-cloud/mcp-toolbox-for-databases/
Tools,Pubsub,https://google.github.io/adk-docs/tools/google-cloud/pubsub/
Tools,Spanner,https://google.github.io/adk-docs/tools/google-cloud/spanner/
Tools,Vertex Ai Rag Engine,https://google.github.io/adk-docs/tools/google-cloud/vertex-ai-rag-engine/
Tools,Vertex Ai Search,https://google.github.io/adk-docs/tools/google-cloud/vertex-ai-search/
Tools,Third Party,https://google.github.io/adk-docs/tools/third-party/
Tools,Ag Ui,https://google.github.io/adk-docs/tools/third-party/ag-ui/
Tools,Asana,https://google.github.io/adk-docs/tools/third-party/asana/
Tools,Atlassian,https://google.github.io/adk-docs/tools/third-party/atlassian/
Tools,Cartesia,https://google.github.io/adk-docs/tools/third-party/cartesia/
Tools,Chroma,https://google.github.io/adk-docs/tools/third-party/chroma/
Tools,Daytona,https://google.github.io/adk-docs/tools/third-party/daytona/
Tools,Elevenlabs,https://google.github.io/adk-docs/tools/third-party/elevenlabs/
Tools,Github,https://google.github.io/adk-docs/tools/third-party/github/
Tools,Gitlab,https://google.github.io/adk-docs/tools/third-party/gitlab/
Tools,Hugging Face,https://google.github.io/adk-docs/tools/third-party/hugging-face/
Tools,Linear,https://google.github.io/adk-docs/tools/third-party/linear/
Tools,N8n,https://google.github.io/adk-docs/tools/third-party/n8n/
Tools,Notion,https://google.github.io/adk-docs/tools/third-party/notion/
Tools,Paypal,https://google.github.io/adk-docs/tools/third-party/paypal/
Tools,Postman,https://google.github.io/adk-docs/tools/third-party/postman/
Tools,Qdrant,https://google.github.io/adk-docs/tools/third-party/qdrant/
Tools,Stripe,https://google.github.io/adk-docs/tools/third-party/stripe/
Tools-custom,Tools Custom,https://google.github.io/adk-docs/tools-custom/
Tools-custom,Authentication,https://google.github.io/adk-docs/tools-custom/authentication/
Tools-custom,Confirmation,https://google.github.io/adk-docs/tools-custom/confirmation/
Tools-custom,Function Tools,https://google.github.io/adk-docs/tools-custom/function-tools/
Tools-custom,Mcp Tools,https://google.github.io/adk-docs/tools-custom/mcp-tools/
Tools-custom,Openapi Tools,https://google.github.io/adk-docs/tools-custom/openapi-tools/
Tools-custom,Performance,https://google.github.io/adk-docs/tools-custom/performance/
Tutorials,Tutorials,https://google.github.io/adk-docs/tutorials/
Tutorials,Agent Team,https://google.github.io/adk-docs/tutorials/agent-team/
Tutorials,Coding With Ai,https://google.github.io/adk-docs/tutorials/coding-with-ai/
Visual-builder,Visual Builder,https://google.github.io/adk-docs/visual-builder/
